{"pos_words": {"good": 0.026261167285219284, "optimistic": 0.00500690652428656, "highest": 0.0027833002231610927, "strong": 0.001034507166274992, "better": 0.0011366167653789506, "opportunity": 0.0007791595514842237, "stable": 0.0004751637520873022, "win": 0.0005070731903932878, "best": 0.0005070731903932878, "achieved": 0.0005389826286992732, "innovation": 0.0005708920670052588, "progress": 0.0003174045212976175, "popular": 0.00047057003406279004, "improve": 0.0003684596922193418, "profitability": 0.00026759118209257986, "improved": 0.0003058826009027022, "able": 0.0002484454726875187, "beautiful": 0.00017186263506727413, "achieve": 0.0001597945160558193, "winning": 0.00014703070011461513, "opportunities": 0.0001597945160558193, "happy": 0.00013426688417341088, "leading": 0.00014703070011461513, "prosperity": 8.321162040859396e-05, "greatly": 0.00012150306823220667, "smooth": 0.0001597945160558193, "surpassed": 0.00017255833199702355, "worthy": 7.059741986691434e-05, "excellent": 6.42155089949604e-05, "stability": 6.42155089949604e-05, "stronger": 6.42155089949604e-05, "profitable": 6.42155089949604e-05, "dream": 7.059741986691434e-05, "benefited": 7.059741986691434e-05, "innovative": 7.059741986691434e-05, "stabilized": 6.42155089949604e-05, "advantages": 7.059741986691434e-05, "strength": 7.059741986691434e-05, "positive": 7.059741986691434e-05, "successful": 5.783359812300651e-05, "boom": 6.42155089949604e-05, "improvement": 5.145168725105263e-05, "easy": 7.059741986691434e-05, "strengthen": 7.059741986691434e-05, "prestige": 6.42155089949604e-05, "innovated": 7.059741986691434e-05, "popularity": 7.059741986691434e-05, "successfully": 6.42155089949604e-05, "enhance": 7.059741986691434e-05, "enjoy": 7.059741986691434e-05, "exclusively": 7.059741986691434e-05, "exclusive": 7.059741986691434e-05}, "neg_words": {"decline": 0.0024300261227751608, "sharply": 0.0023420571144760374, "difficult": 0.0018647114850651294, "bad": 0.0015983439179961915, "declined": 0.0012783501182898102, "problem": 0.0008269171648990659, "slowly": 0.0009124428157478189, "against": 0.0008391351150203164, "challenge": 0.0008880069155053183, "dropped": 0.0009246607658690693, "losses": 0.0009613146162328211, "lack": 0.00093687871599032, "worry": 0.0008880069155053183, "lost": 0.0007394628011616721, "break": 0.0007101397150074513, "disputes": 0.0007394628011616721, "slow": 0.0007296884391102652, "wrong": 0.0007492371632130794, "worse": 0.0007003653529560438, "cut": 0.0007394628011616721, "loss": 0.0005470669448285417, "abandon": 0.0005030823087567846, "lose": 0.0004957515360781588, "stopped": 0.0005470669448285417, "shortage": 0.0005030823087567846, "claims": 0.0005030823087567846, "slowest": 0.0005177438541140372, "weak": 0.0005177438541140372, "impossible": 0.0005104130814354109, "insufficient": 0.0005397361721499156, "poor": 0.00034502962799396055, "serious": 0.0003499168103226023, "slowdown": 0.00035480399265124413, "accident": 0.00034502962799396055, "damage": 0.00034502962799396055, "defeated": 0.0003499168103226023, "negative": 0.0003499168103226023, "disaster": 0.0003303680810080353, "correction": 0.00035480399265124413, "error": 0.00035480399265124413, "concerned": 0.0003499168103226023, "collapse": 0.00035480399265124413, "disappointed": 0.00034502962799396055, "closure": 0.00035480399265124413, "deficit": 0.0003499168103226023, "failure": 0.000172448335611922, "delay": 0.00017000474428473385, "forced": 0.000172448335611922, "question": 0.000172448335611922, "crisis": 0.000172448335611922, "problems": 0.000172448335611922, "pressing": 0.000172448335611922, "detained": 0.000172448335611922, "mistake": 0.000172448335611922, "lie": 0.000172448335611922, "corrected": 0.000172448335611922, "errors": 0.00017000474428473385, "deceived": 0.00017000474428473385, "unsatisfactory": 0.000172448335611922, "seize": 0.00017000474428473385, "fear": 0.00017000474428473385, "deliberately": 0.000172448335611922, "collapsed": 0.000172448335611922, "defeat": 0.000172448335611922, "slowed": 0.00017000474428473385, "stops": 0.00017000474428473385, "lying": 0.000172448335611922, "recession": 0.0001675611529575456, "unemployment": 0.000172448335611922, "violence": 0.000172448335611922, "incomplete": 0.000172448335611922, "corrections": 0.000172448335611922, "defeating": 0.000172448335611922, "postponed": 0.000172448335611922, "worries": 0.000172448335611922, "flaws": 0.00017000474428473385, "severe": 0.00017000474428473385, "flaw": 0.00017000474428473385, "seriously": 0.00017000474428473385, "incident": 0.00017000474428473385, "defect": 0.00017000474428473385, "annoying": 0.00017000474428473385, "disagree": 0.000172448335611922, "disturb": 0.000172448335611922, "challenging": 0.000172448335611922, "fines": 0.00017000474428473385, "delayed": 0.00017000474428473385, "failed": 0.0001675611529575456, "penalty": 0.00017000474428473385, "sued": 0.00017000474428473385, "defending": 0.000172448335611922, "disappoint": 0.000172448335611922, "doubts": 0.000172448335611922, "shocked": 0.000172448335611922, "destructive": 0.000172448335611922, "disclosed": 0.00017000474428473385, "unwilling": 0.000172448335611922, "unpredictable": 0.0001675611529575456, "challenged": 0.000172448335611922, "sue": 0.00017000474428473385, "opposed": 0.000172448335611922, "forbidden": 0.000172448335611922, "destroy": 0.000172448335611922, "violate": 0.000172448335611922, "overvalued": 0.000172448335611922, "stopping": 0.000172448335611922, "restructuring": 0.000172448335611922, "grievance": 0.000172448335611922, "disagreed": 0.000172448335611922}}